<keymap version="1" name="KDE copy" parent="Default for KDE">
  <action id="CloseContent">
    <keyboard-shortcut first-keystroke="ctrl 4" />
    <keyboard-shortcut first-keystroke="ctrl w" />
  </action>
  <action id="EditorSelectWord" />
  <action id="ShowBookmarks" />
  <action id="ShowReformatFileDialog">
    <keyboard-shortcut first-keystroke="shift ctrl alt l" />
    <keyboard-shortcut first-keystroke="ctrl alt l" />
  </action>
  <action id="SmartSelect" />
  <action id="ToggleBookmark" />
  <action id="ToggleFullScreen">
    <keyboard-shortcut first-keystroke="f11" />
  </action>
  <action id="ToggleZenMode">
    <keyboard-shortcut first-keystroke="shift f11" />
  </action>
  <action id="UsageFiltering.WriteAccess" />
</keymap>